Codi d'Informació,Unitat,Adreça,Codi postal,Municipi,Codi municipi,Utm_x,Utm_y,Latitud,Longitud,Georeferència
17833,Policia Local de Parets del Vallès,"Av. de Lluís Companys, 19",08150,Parets del Vallès,81593,435914.5257352838,4602573.5157826645,41.572275591,2.231314474,POINT (2.231314474 41.572275591)
17737,Policia Local de Banyoles,"Pg. de la Farga, 84",17820,Banyoles,170157,481476.832,4662614.1,42.115406543,2.775932582,POINT (2.775932582 42.115406543)
17879,Policia Local de Sant Sadurní d'Anoia,"Pl. de l' Ajuntament, 1",08770,Sant Sadurní d'Anoia,82401,398620.3753117715,4586546.969904658,41.424089412,1.786758362,POINT (1.786758362 41.424089412)
17739,Guàrdia Urbana de Barcelona,"C. de la Guàrdia Urbana, 3",08004,Barcelona,80193,429247.4460479251,4580385.68296864,41.371977557,2.153989965,POINT (2.153989965 41.371977557)
17863,Policia Local de Sant Climent de Llobregat,"Trv. de Prat de la Riba, 31",08849,Sant Climent de Llobregat,82042,416141.46723913436,4576762.766793402,41.337990343,1.997758643,POINT (1.997758643 41.337990343)
17898,Policia Local de Sils,"Pl. de l' Estació, s/n",17410,Sils,171931,478802.30463957094,4628459.449505179,41.807720224,2.74481055,POINT (2.74481055 41.807720224)
17899,Policia Local de Sitges,"C. de Samuel Barrachina, s/n, cantonada Pg. de  Ronda",08870,Sitges,82704,400276.2990985286,4566279.384916912,41.241771585,1.809898242,POINT (1.809898242 41.241771585)
17731,Policia Local d'Arenys de Munt,"Rbla. Sant Martí, 19",08358,Arenys de Munt,80076,461717.86042348656,4606485.472064644,41.609196841,2.540578415,POINT (2.540578415 41.609196841)
17907,Policia Local de Tona,"C. de la Font, 8-10",08551,Tona,82830,436046.5398599762,4633403.105580015,41.849947458,2.229560796,POINT (2.229560796 41.849947458)
17821,Policia Local de Móra d'Ebre,"Pl. de Baix, 1",43740,Móra d'Ebre,430939,301934.313585505,4551776.481602643,41.093138745,0.641690552,POINT (0.641690552 41.093138745)
17738,Policia Local de Barberà del Vallès,"Av. de la Verge de Montserrat, 60",08210,Barberà del Vallès,82520,426852.16535650793,4596204.072668119,41.514132258,2.123400886,POINT (2.123400886 41.514132258)
17812,Guàrdia Urbana de Molins de Rei,"C. de Rubió i Ors, 8",08750,Molins de Rei,81234,417761.1667696503,4584936.626176872,41.411773679,2.016004928,POINT (2.016004928 41.411773679)
17749,Policia Local de Cadaqués,"C. de Carles Rahola, 9",17488,Cadaqués,170329,523215.32468034426,4682255.927928147,42.292180655,3.281610481,POINT (3.281610481 42.292180655)
17797,Policia Local de Llançà,"C. de la Selva, 17",17490,Llançà,170926,512587.64318490954,4690029.486618184,42.362434362,3.152862808,POINT (3.152862808 42.362434362)
17798,Guàrdia Urbana de Lleida,"C. de Salmerón, 1",25004,Lleida,251207,302124.538089898,4610453.05613302,41.621273413,0.624821671,POINT (0.624821671 41.621273413)
17915,Policia Local de Tremp,"Pl. de la Creu, 1",25620,Tremp,252347,326211.87871129793,4670456.321400577,42.166960056,0.896094978,POINT (0.896094978 42.166960056)
17795,Policia Local de la Llagosta,"Pg. del Pintor Sert, s/n",08120,La Llagosta,81056,432940.118,4595840.405,41.511443079,2.19634743,POINT (2.19634743 41.511443079)
17764,Policia Local de Castellar del Vallès,"C. de Sant Llorenç, 7",08211,Castellar del Vallès,80517,423984.609,4607932.47,41.619493582,2.087555327,POINT (2.087555327 41.619493582)
17786,Policia Municipal de Gavà,"C. de la Llenya, 2",08850,Gavà,80898,415556.7958775377,4572880.718210775,41.302966251,1.991311224,POINT (1.991311224 41.302966251)
17765,Policia Local de Castellbisbal,"Av. Antoni Gaudi, 9",08755,Castellbisbal,80543,414917.12409264245,4592150.115940078,41.477566135,1.982120148,POINT (1.982120148 41.477566135)
17808,Policia Local de Masquefa,"C. de Sant Antoni, 6",08783,Masquefa,81192,400766.4510794142,4595171.703993289,41.5020811,1.811014628,POINT (1.811014628 41.5020811)
17747,Policia Local de Cabrera de Mar,"Pl. de l' Ajuntament, 5",08349,Cabrera de Mar,80291,449388.5437602985,4597319.430402261,41.525919578,2.393363855,POINT (2.393363855 41.525919578)
17903,Policia Local de Tàrrega,"C. de la Pau, s/n.",25300,Tàrrega,252173,344813.5240469089,4612663.381656591,41.650616456,1.136364749,POINT (1.136364749 41.650616456)
17890,Policia Local de Santa Maria de Palautordera,"Pg. Vitamènia, 81, Torre Sant Josep",08460,Santa Maria de Palautordera,82592,453596.3516577721,4615951.822363602,41.695108072,2.443496707,POINT (2.443496707 41.695108072)
17918,Policia Local de Vallirana,"C. Major, 368-370",08759,Vallirana,82956,410680.8583239276,4582370.802920708,41.38796,1.931699,POINT (1.931699 41.38796)
17772,Policia Local de Constantí,"C.   Major, 27",43120,Constantí,430477,350113.7380451318,4557280.387573877,41.153007197,1.213695858,POINT (1.213695858 41.153007197)
17826,Policia Local de Palafrugell,"Av. de García Lorca, 31",17200,Palafrugell,171175,514196.53594339197,4640245.608224445,41.914038433,3.171184615,POINT (3.171184615 41.914038433)
17724,Policia Local de l'Ametlla de Mar,"C. de Sant Joan, 55",43860,L'Ametlla de Mar,430136,314952.27299173153,4528346.263501836,40.885296957,0.803591874,POINT (0.803591874 40.885296957)
17759,Policia Local de Canovelles,"C. del Pi, 19",08420,Canovelles,80410,440180.8752400858,4607435.467949768,41.616395949,2.281998886,POINT (2.281998886 41.616395949)
17803,Policia Local de Malgrat de Mar,"C. d' Alexander Fleming, 31",08380,Malgrat de Mar,81108,477946.9392136083,4610785.710593447,41.648605884,2.735148168,POINT (2.735148168 41.648605884)
17869,Policia Local de Sant Fost de Campsentelles,"Pl. de la Vila, 1",08105,Sant Fost de Campsentelles,82093,435995.3457607809,4596629.566953787,41.518747454,2.232916837,POINT (2.232916837 41.518747454)
17796,Policia Local de Llagostera,"C. de Tossa, 3",17240,Llagostera,170890,490743.1459436734,4630277.001721832,41.824320198,2.888532114,POINT (2.888532114 41.824320198)
17814,Policia Municipal de Mollet del Vallès,"Pl. de Miquel Martí i Pol, 1",08100,Mollet del Vallès,81249,434573.5,4599503.293,41.544514924,2.21556518,POINT (2.21556518 41.544514924)
17850,Policia Local de Rubí,"Ctra. de Terrassa, 118",08191,Rubí,81846,419426.1465478894,4595110.813318139,41.503595441,2.034659404,POINT (2.034659404 41.503595441)
17773,Policia Local de Corbera de Llobregat,"C. Pau, 3",08757,Corbera de Llobregat,80728,410453.4676339593,4585489.42348123,41.4170963,1.929656387,POINT (1.929656387 41.4170963)
17929,Policia Local de Vila-seca,"C. de Sant Antoni, 19",43480,Vila-seca,431711,344223.4581904335,4552704.153171357,41.110696203,1.144693144,POINT (1.144693144 41.110696203)
17854,Policia Local de Salt,"C. Pla de Salt, 2",17190,Salt,171557,482233.74473784765,4646090.789805166,41.96840978,2.78679032,POINT (2.78679032 41.96840978)
17746,Policia Local de les Borges Blanques,"C. del Carme, 21",25400,Les Borges Blanques,250582,322191.41036510287,4598744.744722426,41.5206095,0.868990643,POINT (0.868990643 41.5206095)
17913,Policia Local de Tortosa,"Pl. de la Immaculada, 16",43500,Tortosa,431554,291214.5462570231,4521370.184796328,40.816804371,0.524415114,POINT (0.524415114 40.816804371)
17885,Policia Local de Santa Coloma de Gramenet,"C. de Sant Jordi, 40",08923,Santa Coloma de Gramenet,82457,434218.1864401112,4588120.153244792,41.441962274,2.212548199,POINT (2.212548199 41.441962274)
17908,Policia Local de Tordera,"C. de l' Alcalde Vendrell, 12",08490,Tordera,82845,476415.63236533804,4616258.63569763,41.697760728,2.716562667,POINT (2.716562667 41.697760728)
17858,Policia Local de Sant Antoni de Vilamajor,"C. Nou, 6",08459,Sant Antoni de Vilamajor,81982,450093.9578359568,4613659.687384286,41.673132304,2.400464831,POINT (2.400464831 41.673132304)
17768,Policia Local de Castell-Platja d'Aro,"Av. de s' Agaró, 161",17250,Castell-Platja d'Aro,170486,504666.9734945522,4628295.195001919,41.80652964,3.056211974,POINT (3.056211974 41.80652964)
17819,Policia Local de Montornès del Vallès,"Av. de la Llibertat, 2",08170,Montornès del Vallès,81363,438818.46221497667,4599539.236044573,41.545201845,2.266486541,POINT (2.266486541 41.545201845)
17928,Policia Local de Vilanova i la Geltrú,"C. del Pare Garí, 72",08800,Vilanova i la Geltrú,83073,392891.0193525761,4564131.696623009,41.221516021,1.722105146,POINT (1.722105146 41.221516021)
17864,Policia Local de Sant Cugat del Vallès,"Pl. de Vila, 2",08172,Sant Cugat del Vallès,82055,423578.9468285199,4591399.720054923,41.470557087,2.084788826,POINT (2.084788826 41.470557087)
17930,Policia Local de Vilassar de Dalt,"Pl. de la Vila, 1",08339,Vilassar de Dalt,82140,446461.97590562695,4596355.051112443,41.517043174,2.358373467,POINT (2.358373467 41.517043174)
17901,Policia Local de Súria,"C. d' Ernest Solvay, 13",08260,Súria,82747,396551.69014495943,4631758.145697441,41.830958403,1.754192925,POINT (1.754192925 41.830958403)
17717,Policia Local d'Abrera,"C. de Tarragona, 2",08630,Abrera,80018,408893.283,4597294.763,41.52211319,1.908051495,POINT (1.908051495 41.52211319)
17838,Policia Local de Premià de Dalt,"Pl. de la Vila, 1",08338,Premià de Dalt,82303,445094.9247592489,4595297.146844763,41.507422237,2.342087547,POINT (2.342087547 41.507422237)
17848,Policia Local de Roquetes,"C. de Rebull, 7",43520,Roquetes,431331,289441.0935858779,4521644.11667714,40.818816775,0.503313606,POINT (0.503313606 40.818816775)
17732,Policia Local d'Argentona,"C. de Ramon Par, 4",08310,Argentona,80095,450011.15564147837,4600603.22776947,41.555535528,2.400553094,POINT (2.400553094 41.555535528)
17818,Policia Local de Montmeló,"Pl. de la Vila, 1",08160,Montmeló,81350,437301.293332366,4600260.110673779,41.551549712,2.248188492,POINT (2.248188492 41.551549712)
17904,Policia Local de Teià,"Pg. la Riera, 120",08329,Teià,82819,443287.6166174502,4594461.603262294,41.499770736,2.320511188,POINT (2.320511188 41.499770736)
17859,Policia Local de Sant Boi de Llobregat,"C. de la Riera del Fonollar, s/n",08830,Sant Boi de Llobregat,82009,419341.30679186137,4575786.375000743,41.329523183,2.03612611,POINT (2.03612611 41.329523183)
17820,Policia Local de Mont-roig del Camp,"Av. de Barcelona, 11, Miami Platja",43892,Mont-roig del Camp,430923,327728.2041078939,4542884.357104494,41.018964548,0.951095132,POINT (0.951095132 41.018964548)
17880,Policia Local de Sant Vicenç de Castellet,"Pl. de l' Ajuntament, 8",08295,Sant Vicenç de Castellet,82628,405414.9556689766,4613278.076795283,41.665648148,1.863848562,POINT (1.863848562 41.665648148)
17770,Policia Local de Cervelló,"C.   Vidriers, 5",08758,Cervelló,80689,412367.79215226456,4582926.039981925,41.393096193,1.951773825,POINT (1.951773825 41.393096193)
17787,Policia Local de Gelida,"C. de la Barceloneta, 12-18",08790,Gelida,80919,405010.7347130805,4588325.355174958,41.440900072,1.862964144,POINT (1.862964144 41.440900072)
17840,Policia Local de Puigcerdà,"C. de Querol, 23",17520,Puigcerdà,171411,411690.852,4698320.157,42.432174593,1.926401957,POINT (1.926401957 42.432174593)
17834,Policia Local de Piera,"C. de Folch i Torres, 35",08784,Piera,81614,395672.48249791306,4597453.916182261,41.521939419,1.749562131,POINT (1.749562131 41.521939419)
17728,Policia Local de l'Arboç,"Av. dels Herois de 1808, 72",43720,L'Arboç,430167,383070.76930312905,4569163.135935193,41.26543522,1.60406884,POINT (1.60406884 41.26543522)
17760,Policia Local de Capellades,"Pg. Inmaculada Concepció, 23",08786,Capellades,80446,390183.0090509312,4598121.333868512,41.527208943,1.683702936,POINT (1.683702936 41.527208943)
17729,Policia Local d'Arbúcies,"C. del Castell, 92",17401,Arbúcies,170097,459935.05269960954,4629291.384950615,41.814484081,2.51762598,POINT (2.51762598 41.814484081)
17867,Policia Local de Sant Feliu de Guíxols,"C. d' El Callao, s/n",17220,Sant Feliu de Guíxols,171609,502220.9169086511,4625422.915108155,41.780650518,3.026725376,POINT (3.026725376 41.780650518)
17781,Policia Local d'Esparreguera,"Pg. dels Jocs Olímpics, 11",08292,Esparreguera,80765,406095.0944331002,4598742.30809808,41.535947596,1.875453259,POINT (1.875453259 41.535947596)
17868,Policia Local de Sant Feliu de Llobregat,"C. d' Eugeni d'Ors, 3",08980,Sant Feliu de Llobregat,82114,420106.4118957672,4581706.318373933,41.382937176,2.044477856,POINT (2.044477856 41.382937176)
17775,Policia Local de Creixell,"C. de Girona, 26",43839,Creixell,430509,369351.8374079195,4558273.536144289,41.165277181,1.442671638,POINT (1.442671638 41.165277181)
17828,Policia Local de Palau-solità i Plegamans,"Pg. de la Carrerada, 51",08184,Palau-solità i Plegamans,81568,431366.8256786261,4604154.298739301,41.586135158,2.176590621,POINT (2.176590621 41.586135158)
17875,Policia Local de Sant Just Desvern,"C. Can Pedroseta, s/n",08960,Sant Just Desvern,82212,422680.3895777295,4582192.801598092,41.38867523,2.076358619,POINT (2.076358619 41.38867523)
17824,Policia Local d'Olot,"Pl. de Can Joanetes, 11, / C. del Mirador, s/n",17800,Olot,171143,457437.9978528188,4670283.021451574,42.18353714,2.484592503,POINT (2.484592503 42.18353714)
17735,Policia Local de Badia del Vallès,"Av. de burgos, s/n",08214,Badia del Vallès,89045,426056.1328901016,4595646.2858432215,41.509092498,2.113950489,POINT (2.113950489 41.509092498)
17723,Policia Local d'Altafulla,"C. del Marquès de Tamarit, 16, local A",43893,Altafulla,430120,363597.5480710085,4555582.891633407,41.141237827,1.37587575,POINT (1.37587575 41.141237827)
17809,Policia Local de Matadepera,"C. Joan Paloma, 1",08230,Matadepera,81206,418899.09329975187,4605465.851371889,41.597897602,2.028008754,POINT (2.028008754 41.597897602)
17894,Policia Local de Sarrià de Ter,"C.   Major de Sarrià, 71-73",17840,Sarrià de Ter,171864,485511.14914811455,4651669.544587255,42.016919088,2.825004782,POINT (2.825004782 42.016919088)
17745,Policia Local de Blanes,"Av. de Joan Carles I, 120",17300,Blanes,170237,482861.524672735,4614718.410401313,41.684052716,2.794073182,POINT (2.794073182 41.684052716)
17889,Policia Local de Santa Margarida i els Monjos,"Av. de Catalunya, 74",08730,Santa Margarida i els Monjos,82515,388088.43617458537,4575237.842281948,41.320969729,1.66283389,POINT (1.66283389 41.320969729)
17917,Policia Local de Vacarisses,"C. de Pau Casals, 17",08233,Vacarisses,82917,409906.7619356125,4606596.367354131,41.60595645,1.918768023,POINT (1.918768023 41.60595645)
17846,Policia Local de la Roca del Vallès,"C. de Catalunya, 24",08430,La Roca del Vallès,81810,443801.7041026205,4604173.360419013,41.587278435,2.325762152,POINT (2.325762152 41.587278435)
17750,Policia Local de Calafell,"Ctra. de l' Estació, 18",43820,Calafell,430379,380326.4498425342,4561096.500251036,41.192384,1.572911,POINT (1.572911 41.192384)
17916,Policia Local d'Ulldecona,"C. Major, 49",43550,Ulldecona,431567,284109.5264598927,4497280.441356406,40.598111,0.44862,POINT (0.44862 40.598111)
17874,Policia Local de Sant Joan Despí,"Camí del Mig, 9-11",08970,Sant Joan Despí,82172,420969.4034924647,4580027.072222422,41.367878151,2.055027213,POINT (2.055027213 41.367878151)
20393,Policia Local de Vidreres,"C. Lloret, 63",17411,Vidreres,172137,481493.325,4626518.289,41.790333165,2.777264191,POINT (2.777264191 41.790333165)
17743,Policia Local de Bigues i Riells del Fai,"Av. de Prat de la Riba, 167",08415,Bigues i Riells del Fai,80235,434140.1489120918,4614425.595621555,41.678875882,2.208729192,POINT (2.208729192 41.678875882)
17925,Policia Local de Vilafranca del Penedès,"C. del Pati del Gall, 16",08720,Vilafranca del Penedès,83054,391490.6810623367,4578349.904292383,41.34934095,1.702923502,POINT (1.702923502 41.34934095)
17793,Policia Local d'Igualada,"Av. de  Pau Casals, 10 , (edifici 092)",08700,Igualada,81022,385710.9820224478,4603776.025567273,41.577514,1.629093,POINT (1.629093 41.577514)
17931,Policia Local de Vilassar de Mar,"Av. Progrés, 30",08340,Vilassar de Mar,82191,448292.6968224516,4595706.41021615,41.512441471,2.381511958,POINT (2.381511958 41.512441471)
17837,Policia Local del Prat de Llobregat,"C. del Riu Llobregat, 2-4",08820,El Prat de Llobregat,81691,423195.8369010515,4574485.9527382245,41.318194247,2.08237553,POINT (2.08237553 41.318194247)
17924,Policia Local de Viladecavalls,"C. de les Orenetes, s/n.",08232,Viladecavalls,83008,412753.3214505791,4600810.756785651,41.554207771,1.953797727,POINT (1.953797727 41.554207771)
17883,Policia Local de Santa Coloma de Cervelló,"C. de Pau Casals, 26-34",08690,Santa Coloma de Cervelló,82444,417711.55349961575,4580166.539157645,41.368851497,2.016036589,POINT (2.016036589 41.368851497)
17721,Policia Local d'Alella,"Pg. de Marià Estrada, 8",08328,Alella,80039,440971.25536040583,4594505.662906035,41.500000269,2.292755814,POINT (2.292755814 41.500000269)
17847,Policia Local de Roda de Berà,"C. de Joan Carles I, 19",43883,Roda de Berà,431310,370715.794,4560542.055,41.185923151,1.458445423,POINT (1.458445423 41.185923151)
17872,Policia Local de Sant Joan de les Abadesses,"Pl.   Major, 3",17860,Sant Joan de les Abadesses,171674,440993.7796442379,4675856.250863229,42.232660213,2.284907154,POINT (2.284907154 42.232660213)
17779,Policia Local de Dosrius,"C. de Sant Antoni, 1",08319,Dosrius,80752,450486.80233651784,4604946.886895016,41.594687813,2.405898167,POINT (2.405898167 41.594687813)
17782,Policia Local d'Esplugues de Llobregat,"C. Manuel de Falla, 22",08950,Esplugues de Llobregat,80771,422900.77945826255,4580814.0677882545,41.37627923,2.079169539,POINT (2.079169539 41.37627923)
17780,Policia Local de l'Escala,"C. del Garbí, s/n",17130,L'Escala,170622,511258.4073325093,4663170.695061203,42.120557441,3.136199544,POINT (3.136199544 42.120557441)
17801,Policia Local de Llinars del Vallès,"Av. de Pau Casals, 64",08450,Llinars del Vallès,81069,449613.10819593247,4609983.319332803,41.639995137,2.39499159,POINT (2.39499159 41.639995137)
17842,Policia Local de Ribes de Freser,"Pl. de l' Ajuntament, 3",17534,Ribes de Freser,171450,431304.00761719263,4683895.275848448,42.30607167,2.167724817,POINT (2.167724817 42.30607167)
17825,Policia Local de Palafolls,"C. Major, 11",08389,Palafolls,81555,479103.02108847845,4612905.304107931,41.668745936,2.750110747,POINT (2.750110747 41.668745936)
17771,Policia Local de Cervera,"Pl.   Major, 1, (Edifici de la Paeria)",25200,Cervera,250729,356057.07231699023,4614091.75256057,41.665585842,1.27098309,POINT (1.27098309 41.665585842)
17753,Policia Local de Caldes d'Estrac,"Pl. de la Vila, s/n",08393,Caldes d'Estrac,80327,460636.08794083225,4602425.454977852,41.572469,2.527853,POINT (2.527853 41.572469)
17783,Policia Local de Figueres,"Av. de Salvador Dalí Domènech, 107",17600,Figueres,170669,496860.6670965499,4678470.389025341,42.265369176,2.95812881,POINT (2.95812881 42.265369176)
17720,Policia Local d'Alcarràs,"C. de Joan XXIII, 23",25180,Alcarràs,250117,293744.3440153548,4604247.907097253,41.563312271,0.526453226,POINT (0.526453226 41.563312271)
17726,Policia Local d'Amposta,"C. de Barcelona, 66",43870,Amposta,430141,295604.5861232048,4508857.4930868205,40.705288113,0.580512918,POINT (0.580512918 40.705288113)
17761,Policia Local de Cardedeu,"Av. d' Àngel Guimerà, 126",08440,Cardedeu,80462,446651.1239241933,4610025.572872417,41.640211,2.359435,POINT (2.359435 41.640211)
17800,Policia Local de Lliçà de Vall,"Pl. de la Vila, s/n",08185,Lliçà de Vall,81081,436606.0633566035,4604095.639895554,41.58604,2.239457,POINT (2.239457 41.58604)
17817,Policia Local de Montgat,"C. de Lola Anglada, 4",08390,Montgat,81265,440175.193,4591486.684,41.472749975,2.28351825,POINT (2.28351825 41.472749975)
17905,Policia Municipal de Terrassa,"Av. de les Glòries Catalanes, 3",08223,Terrassa,82798,418941.2030479118,4601206.601448727,41.558423905,2.027934472,POINT (2.027934472 41.558423905)
17841,Guàrdia Urbana de Reus,"Av. de Marià Fortuny, 27",43204,Reus,431233,342036.4250744814,4557616.812382222,41.154520492,1.117284546,POINT (1.117284546 41.154520492)
17769,Policia Local de Cerdanyola del Vallès,"Pl. de Sant Medir, s/n",08290,Cerdanyola del Vallès,82665,427793.20527537423,4593628.770535148,41.491023401,2.134985754,POINT (2.134985754 41.491023401)
17835,Policia Local de Pineda de Mar,"C. de Sant Joan, 63",08397,Pineda de Mar,81635,474451.69149478397,4608769.279987369,41.630242965,2.693280598,POINT (2.693280598 41.630242965)
17742,Policia Local de Berga,"Pl. del Doctor Salo, 8",08600,Berga,80229,404644.3690997175,4661993.027171064,42.10423602,1.84673093,POINT (1.84673093 42.10423602)
17810,Policia Local de Mataró,"Pl. Granollers, 11",08303,Mataró,81213,452894.75036700146,4598923.458285789,41.540581004,2.435262064,POINT (2.435262064 41.540581004)
17755,Policia Local de Calonge i Sant Antoni,"Pl. de la Concòrdia, s/n",17251,Calonge i Sant Antoni,170340,506341.889,4634354.263,41.861072411,3.076410584,POINT (3.076410584 41.861072411)
17806,Policia Local de Martorell,"Av. de Joaquim de Barnola i de Bassols, 1, (Polígon Industrial La Torre)",08760,Martorell,81141,410173.61266671086,4592667.8787343,41.480588778,1.924084124,POINT (1.924084124 41.480588778)
17813,Policia Local de Mollerussa,"Pl. de l' Ajuntament, 2",25230,Mollerussa,251370,324572.42960429005,4610810.299363157,41.629739672,0.893981677,POINT (0.893981677 41.629739672)
17861,Policia Local de Sant Cebrià de Vallalta,"Av. del Maresme, 19",08396,Sant Cebrià de Vallalta,82037,466954.94752222655,4607668.866162926,41.620056126,2.603341276,POINT (2.603341276 41.620056126)
17831,Policia Local de Pals,"Pl. de Catalunya, s/n",17256,Pals,171241,512178.97185539803,4646313.481940536,41.968738252,3.146986374,POINT (3.146986374 41.968738252)
17719,Policia Local d'Alcanar,"C. de la Generalitat, 10",43530,Alcanar,430043,286739.31954641093,4491087.2708007535,40.54309023,0.481672197,POINT (0.481672197 40.54309023)
17914,Policia Local de Tossa de Mar,"Av. del Pelegrí, 14",17320,Tossa de Mar,172023,494089.61491805717,4618782.585509199,41.720821811,2.928943472,POINT (2.928943472 41.720821811)
17893,Policia Local de Santpedor,"Pl.   Gran, 1",08251,Santpedor,81923,403530.2720238549,4626362.3243815135,41.783249098,1.839094958,POINT (1.839094958 41.783249098)
17855,Policia Local de Sant Adrià de Besòs,"Pl. de Francesc Michelli i Jové, s/n",08930,Sant Adrià de Besòs,81944,435106.5733600851,4586346.528754268,41.426049,2.223263,POINT (2.223263 41.426049)
17844,Policia Local de Ripollet,"Ctra. de Santiga, 1",08291,Ripollet,81803,429286.27188496763,4594326.588288395,41.497463421,2.152757508,POINT (2.152757508 41.497463421)
17733,Policia Local d'Artés,"C.   Barquera, 41",08271,Artés,80109,413164.6895547865,4627890.291649214,41.798122201,1.954791224,POINT (1.954791224 41.798122201)
17789,Policia Local de Granollers,"C. de la Princesa, 55",08401,Granollers,80961,440368.55259331287,4606125.717495091,41.604613628,2.28438177,POINT (2.28438177 41.604613628)
17876,Policia Local de Sant Pere de Ribes,"Pl. de la Vila, 1",08810,Sant Pere de Ribes,82310,397132.0599031179,4568609.462386491,41.26236181,1.771990106,POINT (1.771990106 41.26236181)
17871,Policia Local de Sant Jaume d'Enveja,"Av. de Catalunya, 22-30",43877,Sant Jaume d'Enveja,439023,307277.9599135121,4508816.847451889,40.707735036,0.718599076,POINT (0.718599076 40.707735036)
17881,Policia Local de Sant Vicenç de Montalt,"Av. dels Països Catalans, 1",08394,Sant Vicenç de Montalt,82649,458944.64613226353,4603323.494204039,41.580545555,2.507489794,POINT (2.507489794 41.580545555)
17744,Policia Local de la Bisbal d'Empordà,"C. Peixateries, 1",17100,La Bisbal d'Empordà,170221,503101.72879121476,4645260.359181477,41.959320854,3.037428693,POINT (3.037428693 41.959320854)
17919,Policia Local de Valls,"Pl. del Blat, 1",43800,Valls,431613,353260.0790530249,4571794.982204773,41.284267299,1.247690608,POINT (1.247690608 41.284267299)
17866,Policia Local de Sant Feliu de Codines,"C. de Vic, 1",08182,Sant Feliu de Codines,82107,430536.3848940626,4615554.995716225,41.688741269,2.165304753,POINT (2.165304753 41.688741269)
17829,Policia Local de Pallejà,"C. del Sol, 1",08780,Pallejà,81574,416168.60857403657,4586158.835155378,41.422616607,1.996783225,POINT (1.996783225 41.422616607)
21591,Policia Local de Maçanet de la Selva,"Av. de Sant Jordi, 77",17412,Maçanet de la Selva,171030,477678.008,4624915.52,41.775769558,2.731409071,POINT (2.731409071 41.775769558)
17777,Policia Local de Cunit,"C.   Conca de Barbera, 10",43881,Cunit,430516,385916.95255081996,4561497.240454324,41.196808237,1.639470212,POINT (1.639470212 41.196808237)
17888,Policia Local de Santa Margarida de Montbui,"C. Fàbrica, 2",08710,Santa Margarida de Montbui,82508,384161.19851945364,4603499.2328971345,41.575908179,1.611673967,POINT (1.611673967 41.575908179)
17926,Policia Local de Vilanova del Camí,"Pl. del Castell, 1",08788,Vilanova del Camí,83020,386136.6582121273,4603186.8604239905,41.572257769,1.634255393,POINT (1.634255393 41.572257769)
17788,Policia Municipal de Girona,"C. de Bacià, 4",17001,Girona,170792,485107.31278571713,4647618.643370747,41.980426592,2.820230011,POINT (2.820230011 41.980426592)
17725,Policia Local de l'Ametlla del Vallès,"C. de  Barcelona, s/n",08480,L'Ametlla del Vallès,80057,438986.2885433908,4612595.9740146985,41.662777096,2.267152813,POINT (2.267152813 41.662777096)
17852,Policia Local de Sallent,"C. de Torres Amat, 29",08650,Sallent,81918,408195.03615380265,4630829.869914141,41.824034167,1.894528448,POINT (1.894528448 41.824034167)
17884,Policia Local de Santa Coloma de Farners,"Pl. de l' Ajuntament, 1",17430,Santa Coloma de Farners,171805,472024.24835584674,4634419.918175059,41.861189,2.662927,POINT (2.662927 41.861189)
17784,Policia Local de les Franqueses del Vallès,"C. de Rafael Alberti, 2",08520,Les Franqueses del Vallès,80863,442008.29323783534,4609434.076182899,41.634531492,2.303737926,POINT (2.303737926 41.634531492)
17843,Policia Local de Ripoll,"Pg. d' Honorat Vilamanyà, 6",17500,Ripoll,171479,433357.7630444756,4672329.315333376,42.200358663,2.192797776,POINT (2.192797776 42.200358663)
17895,Policia Local de la Sénia,"Av. de la Generalitat, 2",43560,La Sénia,430445,270358.2798688064,4501989.387995089,40.636837359,0.284477527,POINT (0.284477527 40.636837359)
17892,Policia Local de Santa Susanna,"Pl. de Catalunya, s/n",08398,Santa Susanna,82613,475638.5246969058,4609344.174873585,41.635458254,2.707505502,POINT (2.707505502 41.635458254)
17911,Policia Local de Torrelles de Llobregat,"Av. de Dolça de Provença, 20, nau 1",08629,Torrelles de Llobregat,82896,415278.401,4579402.262,41.361672105,1.98707675,POINT (1.98707675 41.361672105)
17756,Policia Local de Camarles,"C. Vint, 22",43894,Camarles,439039,303415.2616326818,4516027.11193916,40.771775222,0.670609535,POINT (0.670609535 40.771775222)
17763,Policia Local de Cassà de la Selva,"Rbla. de l' Onze de Setembre, 107",17244,Cassà de la Selva,170448,489610.26628251775,4637011.127758342,41.884959575,2.874772137,POINT (2.874772137 41.884959575)
17805,Policia Local de Manresa,"C. del Bruc, 33-35",08241,Manresa,81136,401712.6027401086,4619711.1908610165,41.723131655,1.818324986,POINT (1.818324986 41.723131655)
17823,Policia Local d'Olesa de Montserrat,"C.  d' Anselm Clavé, 189",08640,Olesa de Montserrat,81477,407563.0830843196,4599846.122671075,41.544921624,1.891692711,POINT (1.891692711 41.544921624)
17754,Policia Local de Calella,"Av. del Parc, 23-28",08370,Calella,80351,471735.87955774757,4607355.593401819,41.617418127,2.660743281,POINT (2.660743281 41.617418127)
17792,Policia Local d'Hostalric,"C. del Ravalet, s/n",17450,Hostalric,170834,470631.38909894327,4621491.13169827,41.744755218,2.64699782,POINT (2.64699782 41.744755218)
17873,Policia Local de Sant Joan de Vilatorrada,"C. Sant Mateu, 24",08250,Sant Joan de Vilatorrada,82188,400688.1777562825,4622426.765844156,41.748573694,1.806720775,POINT (1.806720775 41.748573694)
20394,Policia Local de Martorelles,"Av. de Piera, 51",08107,Martorelles,81154,436165.48,4597592.049,41.527429741,2.23485357,POINT (2.23485357 41.527429741)
17830,Policia Local de la Palma de Cervelló,"C. de Sant Cristòfol, s/n",08756,La Palma de Cervelló,89058,414008.59168395796,4584901.357594916,41.411063316,1.97111684,POINT (1.97111684 41.411063316)
17778,Policia Local de Deltebre,"Av. de Catalunya, 9",43580,Deltebre,439018,307705.0640023254,4510191.028341796,40.720204592,0.723229693,POINT (0.723229693 40.720204592)
17722,Policia Local d'Almacelles,"Pl. de la Vila, 1",25100,Almacelles,250194,286847.56966534344,4623139.850717208,41.731497714,0.437088113,POINT (0.437088113 41.731497714)
17897,Policia Local de la Seu d'Urgell,"Pl. dels Oms, 1",25700,La Seu d'Urgell,252038,373371.7883351267,4690687.6929412475,42.35815243,1.462363982,POINT (1.462363982 42.35815243)
17752,Policia Local de Caldes de Montbui,"C. de Santa Teresa, 17",08140,Caldes de Montbui,80333,430416.4504127411,4608926.295348917,41.628944622,2.164623371,POINT (2.164623371 41.628944622)
17923,Policia Local de Viladecans,"Ctra. del Prat, 32",08840,Viladecans,83015,418486.4371118213,4574421.682371226,41.317144662,2.026040639,POINT (2.026040639 41.317144662)
17776,Policia Local de Cubelles,"C. d' Arles de Tec, s/n",08880,Cubelles,80749,389335.6754532184,4562630.934272418,41.206983574,1.680488322,POINT (1.680488322 41.206983574)
17802,Policia Local de Lloret de Mar,"Av. de les Alegries, 32, (Policia Local - Protecció Civil)",17310,Lloret de Mar,170950,486251.00122844,4616734.955810108,41.704084863,2.835949991,POINT (2.835949991 41.704084863)
17740,Policia Local de Begues,"Camí   Ral, 35",08859,Begues,80207,409460.6533451749,4576164.962557335,41.331883521,1.918014659,POINT (1.918014659 41.331883521)
17836,Policia Local de Polinyà,"Pl. de la Vila, 1",08213,Polinyà,81672,429640.80700311967,4600991.28193147,41.557497722,2.156256067,POINT (2.156256067 41.557497722)
17718,Policia Local d'Agramunt,"Pl. de l' Església, 1",25310,Agramunt,250030,342026.0972300658,4627886.394408399,41.787059,1.098879,POINT (1.098879 41.787059)
17751,Policia Local de Caldes de Malavella,"Pl. de l' Ajuntament, 8",17455,Caldes de Malavella,170335,484202.7671102954,4631899.007861865,41.838825996,2.809732179,POINT (2.809732179 41.838825996)
17799,Policia Local de Lliçà d'Amunt,"C. de Rafel Casanova, 8",08186,Lliçà d'Amunt,81075,436687.3495450638,4606476.1859696545,41.607486662,2.240171404,POINT (2.240171404 41.607486662)
17877,Policia Local de Sant Pol de Mar,"Pl. de la Vila, 1",08395,Sant Pol de Mar,82359,468444.23701708345,4605452.834427123,41.600156431,2.621334427,POINT (2.621334427 41.600156431)
17862,Policia Local de Sant Celoni,"C. de Santa Fe, 52",08470,Sant Celoni,82021,457736.6843915127,4615597.880399999,41.691036573,2.492132184,POINT (2.492132184 41.691036573)
17860,Policia Local la Ràpita,"Pl. de Carles III, 13",43540,La Ràpita,431362,296366.04238488036,4499378.909613414,40.620161896,0.592590048,POINT (0.592590048 40.620161896)
17882,Policia Local de Sant Vicenç dels Horts,"C.   Nou, 132",08620,Sant Vicenç dels Horts,82634,417553.01689640054,4582359.955761275,41.388546152,2.013865643,POINT (2.013865643 41.388546152)
17790,Guàrdia Urbana de l'Hospitalet de Llobregat,"C. del Migdia, 5-7",08901,L'Hospitalet de Llobregat,81017,425381.39415686205,4579213.094484358,41.360965433,2.107797881,POINT (2.107797881 41.360965433)
17766,Policia Local de Castelldefels,"Pl. de l' Esperanto, 4",08860,Castelldefels,80569,414785.85225822305,4570584.311499912,41.282223677,1.982408953,POINT (1.982408953 41.282223677)
17827,Policia Local de Palamós,"C. de Josep Joan, 37",17230,Palamós,171181,510724.9358825767,4633434.637005358,41.85274218,3.129203182,POINT (3.129203182 41.85274218)
17902,Guàrdia Urbana de Tarragona,"C. de l' Arquebisbe Pont i Gol, 8",43005,Tarragona,431482,351936.4127343174,4554099.275812224,41.124717273,1.236177115,POINT (1.236177115 41.124717273)
17811,Policia Local de Moià,"C. de les Joies, 32, baixos",08180,Moià,81385,425008.67119135335,4629376.067086396,41.812714374,2.09714895,POINT (2.09714895 41.812714374)
17896,Policia Local de Sentmenat,"Pg. Anselm Clavé, 24",08181,Sentmenat,82671,427915.082,4606828.626,41.609916863,2.134861988,POINT (2.134861988 41.609916863)
17912,Policia Local de Torroella de Montgrí,"Ctra. de Torroella de Montgrí a l'Estartit (GI-641), 104",17258,Torroella de Montgrí,171997,515902.1236377338,4655408.666792476,42.052406863,3.19338096,POINT (3.19338096 42.052406863)
17741,Policia Local de Begur,"C. de Francesc Forgas,  1",17255,Begur,170139,517136.4964518017,4644720.091854804,41.954294,3.206852,POINT (3.206852 41.954294)
17762,Policia Local de Cardona,"Pl. de la Fira, 1",08261,Cardona,80478,390593.6317942236,4640968.906184912,41.913128525,1.680714932,POINT (1.680714932 41.913128525)
17734,Policia Local de Badalona,"Turó d'en Caritg, s/n",08917,Badalona,80155,435360.94423683913,4588650.625396557,41.446839,2.226148,POINT (2.226148 41.446839)
17839,Policia Local de Premià de Mar,"Pl. de l' Ajuntament, 1",08330,Premià de Mar,81727,446299.2613721602,4593286.696589785,41.489395976,2.356697116,POINT (2.356697116 41.489395976)
17906,Policia Local de Tiana,"Pl. de la Vila, 1",08391,Tiana,82824,438974.18606344174,4592502.285952742,41.481805969,2.269029897,POINT (2.269029897 41.481805969)
17816,Policia Local de Montcada i Reixac,"Av. de la Unitat, 6",08110,Montcada i Reixac,81252,432159.5924567077,4592365.059445823,41.480023172,2.187430682,POINT (2.187430682 41.480023172)
17853,Policia Local de Salou,"C. del Llobregat, 1",43840,Salou,439057,343227.1677801132,4549426.974649702,41.080999138,1.133668855,POINT (1.133668855 41.080999138)
17856,Policia Local de Sant Andreu de la Barca,"Pl. de l' Ajuntament, 1",08740,Sant Andreu de la Barca,81960,414076.0656772693,4589235.9378034035,41.4501291,1.97134315,POINT (1.97134315 41.4501291)
17920,Policia Local de Vandellòs i l'Hospitalet de l'Infant,"Pl. d' Aster, s/n",43890,Vandellòs i l'Hospitalet de l'Infant,431628,324589.3956793858,4539910.786309951,40.991526218,0.914631718,POINT (0.914631718 40.991526218)
17794,Policia Local de la Jonquera,"Pl. de l' Ajuntament, 3",17700,La Jonquera,170865,489557.735,4696063.042,42.416804525,2.873080913,POINT (2.873080913 42.416804525)
17785,Policia Local de la Garriga,"Pl. de l' Església, 2",08530,La Garriga,80885,440569.38369325915,4615059.941823139,41.685094932,2.285903756,POINT (2.285903756 41.685094932)
17886,Policia Local de Santa Cristina d'Aro,"C. Teulera, 3",17246,Santa Cristina d'Aro,171812,500039.9197142218,4628742.452803206,41.810552668,3.000480597,POINT (3.000480597 41.810552668)
17767,Policia Local de Castelló d'Empúries,"Puigmal, 1",17487,Castelló d'Empúries,170470,508647.64860826696,4678633.402844167,42.259853185,3.104845613,POINT (3.104845613 42.259853185)
17774,Policia Local de Cornellà de Llobregat,"C. de Rubió i Ors, 65",08940,Cornellà de Llobregat,80734,422105.84617994964,4578435.710132355,41.353638181,2.068710197,POINT (2.068710197 41.353638181)
17807,Policia Local del Masnou,"C. de Joan Miró, 150",08320,El Masnou,81189,443636.41700652364,4592596.471724017,41.483078028,2.32495943,POINT (2.32495943 41.483078028)
21651,Policia Local  de l'Ampolla,"Pl. de Manel Ferré i Solé, 3",43895,L'Ampolla,439060,307232.64167191304,4520655.855151252,40.814292577,0.714413677,POINT (0.714413677 40.814292577)
17900,Policia Local de Solsona,"C. del Castell, 20",25280,Solsona,252075,377177.05936588487,4650243.755363344,41.994631822,1.517089067,POINT (1.517089067 41.994631822)
17758,Policia Local de Canet de Mar,"C. de les Drassanes del Pla, 30",08360,Canet de Mar,80403,465734.69000263646,4604291.256184913,41.589582328,2.588887344,POINT (2.588887344 41.589582328)
17910,Policia Local de Torredembarra,"C. de la Riera de Gaià, 20-24",43830,Torredembarra,431536,365147.028,4557212.917,41.155038435,1.392802197,POINT (1.392802197 41.155038435)
17887,Policia Local de Santa Eulàlia de Ronçana,"C. de la Verge del Remei, s/n",08187,Santa Eulàlia de Ronçana,82482,435779.7053438466,4610325.405824352,41.642081928,2.228866539,POINT (2.228866539 41.642081928)
17730,Policia Local d'Arenys de Mar,"C. d' Auterive, s/n, (cantonada carrer de l'Hospital)",08350,Arenys de Mar,80060,462201.0989790209,4603560.444863023,41.582836,2.546569,POINT (2.546569 41.582836)
17922,Guàrdia Urbana de Vic,"C. de l' Era d'en Sellés, 10",08500,Vic,82981,437707.24032268015,4642745.808464596,41.936022505,2.249775922,POINT (2.249775922 41.936022505)
17727,Policia Local d'Anglès,"Pl. de la Vila, 1",17160,Anglès,170084,470156.6725277577,4645104.237910572,41.957356067,2.639890623,POINT (2.639890623 41.957356067)
17851,Policia Municipal de Sabadell,"C. de Pau Claris, 100",08205,Sabadell,81878,424989.2799947557,4599172.96440584,41.54069867,2.100708578,POINT (2.100708578 41.54069867)
17757,Policia Local de Cambrils,"Pl. de l' Ajuntament, 4",43850,Cambrils,430385,336800.92671839835,4548491.450958449,41.071317909,1.057416921,POINT (1.057416921 41.071317909)
17870,Policia Local de Sant Fruitós de Bages,"Pl. de l' Ajuntament, s/n",08272,Sant Fruitós de Bages,82135,406366.15790511976,4622735.898241676,41.750988,1.873806,POINT (1.873806 41.750988)
17927,Policia Local de Vilanova del Vallès,"Pl. de l' Ajuntament, 1",08410,Vilanova del Vallès,89024,440711.7005785588,4600518.246197479,41.554132966,2.289067336,POINT (2.289067336 41.554132966)
17804,Policia Local de Manlleu,"Pl. de  Fra Bernadí, 5",08560,Manlleu,81120,440678.1140131959,4650005.68017894,41.999831834,2.283708416,POINT (2.283708416 41.999831834)
17748,Policia Local de Cabrils,"C. Luis Colmenar, 2",08348,Cabrils,80305,447278.0742303981,4597417.25256715,41.52778424,2.369204575,POINT (2.369204575 41.52778424)
17849,Policia Local de Roses,"C. de Tarragona, 64",17480,Roses,171523,514463.3055330613,4679148.465516342,42.264405816,3.175368263,POINT (3.175368263 42.264405816)
17815,Policia Local de Montblanc,"C. de la Muralla de Sant Jordi, 35",43400,Montblanc,430862,346097.51466772944,4582169.883636368,41.37633984,1.159571656,POINT (1.159571656 41.37633984)
17832,Policia Local del Papiol,"C. d' Aribau, 11",08754,El Papiol,81580,416964.78385587304,4587614.835371807,41.43581233,2.00610974,POINT (2.00610974 41.43581233)
17822,Policia Local de Navàs,"Pl. de l' Ajuntament, 8",08670,Navàs,81419,407037.39256434893,4639291.846817452,41.90010064,1.879261195,POINT (1.879261195 41.90010064)
17736,Policia Local de Balaguer,"Pl. del Mercadal, 1",25600,Balaguer,250404,317583.78281426436,4628740.456189017,41.789553072,0.804654199,POINT (0.804654199 41.789553072)
17865,Policia Local de Sant Esteve Sesrovires,"C. Major, 12",08635,Sant Esteve Sesrovires,82080,406050.3795897402,4594159.24933166,41.493547152,1.874473665,POINT (1.874473665 41.493547152)
17891,Policia Local de Santa Perpètua de Mogoda,"Pl. de la Vila, 5",08130,Santa Perpètua de Mogoda,82606,431879.49102811835,4598428.398971858,41.534609051,2.183390098,POINT (2.183390098 41.534609051)
17909,Policia Local de Torelló,"C. Ter, 33-35",08570,Torelló,82858,438306.76455942047,4655438.66059503,42.0485783,2.254506078,POINT (2.254506078 42.0485783)
17857,Policia Local de Sant Andreu de Llavaneres,"C. de la Indústria, 4, (polígon industrial)",08392,Sant Andreu de Llavaneres,81976,457361.30431675765,4601035.43967021,41.559854149,2.488658896,POINT (2.488658896 41.559854149)
17921,Policia Local del Vendrell,"Ctra. de Calafell, s/n",43700,El Vendrell,431634,377666.3883284591,4564471.801667453,41.222389852,1.540510019,POINT (1.540510019 41.222389852)
17878,Policia Local de Sant Quirze del Vallès,"Rda. de Santa Julita, 71",08192,Sant Quirze del Vallès,82384,423674.7963390727,4598696.171640274,41.536333434,2.084995917,POINT (2.084995917 41.536333434)
